date,state,service provider,throughput,latency,video resolution,age of device,resolution switches
4/1/2023,Cali,Provider A,591.77,48,4K,5,0
4/1/2023,Cali,Provider B,425.62,63,1080p,4,9
4/1/2023,Cali,Provider C,954.3,16,720p,4,0
4/1/2023,Cali,Provider D,293.59,76,720p,1,10
4/1/2023,Cali,Provider E,650.61,82,1440p,3,3
4/1/2023,Texas,Provider A,611.31,45,1440p,4,9
4/1/2023,Texas,Provider B,823.23,59,720p,1,8
4/1/2023,Texas,Provider C,793.66,100,1080p,2,10
4/1/2023,Texas,Provider D,477.15,49,720p,5,4
4/1/2023,Texas,Provider E,861.76,17,720p,2,2
4/1/2023,Illinois,Provider A,975.82,95,1080p,1,9
4/1/2023,Illinois,Provider B,919.27,65,1080p,5,7
4/1/2023,Illinois,Provider C,892.96,20,1080p,4,8
4/1/2023,Illinois,Provider D,631.67,58,480p,1,2
4/1/2023,Illinois,Provider E,305.54,32,1080p,3,5
4/2/2023,Cali,Provider A,354.18,15,1440p,2,1
4/2/2023,Cali,Provider B,525.42,14,720p,1,4
4/2/2023,Cali,Provider C,529.35,33,1080p,3,0
4/2/2023,Cali,Provider D,689.79,39,720p,1,5
4/2/2023,Cali,Provider E,368.37,60,4K,3,7
4/2/2023,Texas,Provider A,212.42,52,4K,3,3
4/2/2023,Texas,Provider B,914.49,87,720p,4,2
4/2/2023,Texas,Provider C,726.7,55,480p,4,6
4/2/2023,Texas,Provider D,140.41,92,1080p,4,8
4/2/2023,Texas,Provider E,88.1,28,720p,4,3
4/2/2023,Illinois,Provider A,368.46,77,480p,2,7
4/2/2023,Illinois,Provider B,603.26,11,720p,3,6
4/2/2023,Illinois,Provider C,843.27,61,4K,1,9
4/2/2023,Illinois,Provider D,601.6,74,1440p,2,6
4/2/2023,Illinois,Provider E,865.05,63,480p,1,9
4/3/2023,Cali,Provider A,60.93,50,1080p,1,0
4/3/2023,Cali,Provider B,116.07,21,1080p,3,8
4/3/2023,Cali,Provider C,320.76,11,1080p,4,8
4/3/2023,Cali,Provider D,798.51,33,1440p,3,6
4/3/2023,Cali,Provider E,387.71,97,720p,3,0
4/3/2023,Texas,Provider A,174.35,53,480p,2,0
4/3/2023,Texas,Provider B,514.63,11,1440p,3,0
4/3/2023,Texas,Provider C,757.56,56,720p,4,7
4/3/2023,Texas,Provider D,709.13,73,4K,3,2
4/3/2023,Texas,Provider E,867.28,36,1080p,2,2
4/3/2023,Illinois,Provider A,427.77,85,480p,2,0
4/3/2023,Illinois,Provider B,826.97,36,720p,2,10
4/3/2023,Illinois,Provider C,431.18,74,1440p,5,8
4/3/2023,Illinois,Provider D,180.88,68,4K,5,5
4/3/2023,Illinois,Provider E,590.38,17,480p,5,5
4/4/2023,Cali,Provider A,277.55,26,1440p,4,7
4/4/2023,Cali,Provider B,578.73,62,720p,4,8
4/4/2023,Cali,Provider C,925.14,13,1080p,5,8
4/4/2023,Cali,Provider D,68.84,17,720p,5,5
4/4/2023,Cali,Provider E,822.84,84,480p,3,5
4/4/2023,Texas,Provider A,467.1,44,720p,2,6
4/4/2023,Texas,Provider B,695.8,75,480p,1,6
4/4/2023,Texas,Provider C,614.86,63,4K,5,8
4/4/2023,Texas,Provider D,495.94,59,480p,2,6
4/4/2023,Texas,Provider E,564.99,44,480p,1,7
4/4/2023,Illinois,Provider A,515.78,48,720p,1,10
4/4/2023,Illinois,Provider B,225.74,81,1440p,4,10
4/4/2023,Illinois,Provider C,333.08,99,1440p,3,3
4/4/2023,Illinois,Provider D,466.37,14,1440p,4,8
4/4/2023,Illinois,Provider E,445.81,24,480p,4,2
4/5/2023,Cali,Provider A,735.63,100,1440p,5,1
4/5/2023,Cali,Provider B,508.17,70,1440p,5,3
4/5/2023,Cali,Provider C,685.7,29,1080p,4,5
4/5/2023,Cali,Provider D,721.48,73,480p,5,7
4/5/2023,Cali,Provider E,252.85,97,720p,4,2
4/5/2023,Texas,Provider A,636.07,95,480p,2,1
4/5/2023,Texas,Provider B,720.07,17,4K,3,8
4/5/2023,Texas,Provider C,590.12,32,1080p,1,9
4/5/2023,Texas,Provider D,850.58,32,720p,1,9
4/5/2023,Texas,Provider E,436.62,29,1440p,1,1
4/5/2023,Illinois,Provider A,741.56,43,480p,1,3
4/5/2023,Illinois,Provider B,201.29,49,1080p,2,10
4/5/2023,Illinois,Provider C,925.15,77,4K,2,8
4/5/2023,Illinois,Provider D,637.17,19,4K,4,6
4/5/2023,Illinois,Provider E,80.15,46,1440p,4,3
4/6/2023,Cali,Provider A,671.45,65,1080p,3,0
4/6/2023,Cali,Provider B,303.75,47,1440p,1,0
4/6/2023,Cali,Provider C,669.97,92,4K,4,5
4/6/2023,Cali,Provider D,569.87,38,4K,2,3
4/6/2023,Cali,Provider E,173.71,25,1440p,3,4
4/6/2023,Texas,Provider A,157.67,70,1440p,5,4
4/6/2023,Texas,Provider B,219.18,46,4K,2,0
4/6/2023,Texas,Provider C,426.22,92,480p,5,0
4/6/2023,Texas,Provider D,112.36,93,720p,3,0
4/6/2023,Texas,Provider E,96.33,76,1080p,5,8
4/6/2023,Illinois,Provider A,480.23,28,4K,1,9
4/6/2023,Illinois,Provider B,511.64,83,720p,4,2
4/6/2023,Illinois,Provider C,864.74,49,720p,5,2
4/6/2023,Illinois,Provider D,465.25,45,1440p,2,0
4/6/2023,Illinois,Provider E,238.5,100,720p,4,2
4/7/2023,Cali,Provider A,433.08,55,1440p,3,3
4/7/2023,Cali,Provider B,519.84,44,1440p,2,4
4/7/2023,Cali,Provider C,64.06,12,1440p,1,3
4/7/2023,Cali,Provider D,563.24,34,480p,5,1
4/7/2023,Cali,Provider E,718.67,83,480p,2,7
4/7/2023,Texas,Provider A,887.92,49,1080p,1,2
4/7/2023,Texas,Provider B,187.28,94,1440p,3,2
4/7/2023,Texas,Provider C,930.94,85,1440p,2,0
4/7/2023,Texas,Provider D,413.91,92,480p,2,5
4/7/2023,Texas,Provider E,563.25,56,4K,3,7
4/7/2023,Illinois,Provider A,172.17,93,1440p,3,10
4/7/2023,Illinois,Provider B,146.22,31,1080p,3,10
4/7/2023,Illinois,Provider C,91.27,65,1080p,5,5
4/7/2023,Illinois,Provider D,924.24,72,1440p,3,6
4/7/2023,Illinois,Provider E,371.1,66,480p,2,1
4/8/2023,Cali,Provider A,84.7,23,4K,4,5
4/8/2023,Cali,Provider B,174.77,59,4K,3,2
4/8/2023,Cali,Provider C,980.53,80,720p,4,6
4/8/2023,Cali,Provider D,354.34,88,720p,2,2
4/8/2023,Cali,Provider E,872.86,96,480p,4,8
4/8/2023,Texas,Provider A,623.23,10,1080p,4,8
4/8/2023,Texas,Provider B,625.8,90,1080p,5,2
4/8/2023,Texas,Provider C,267.43,56,720p,2,3
4/8/2023,Texas,Provider D,255.2,13,720p,3,0
4/8/2023,Texas,Provider E,946.24,55,4K,2,3
4/8/2023,Illinois,Provider A,967.97,23,480p,2,5
4/8/2023,Illinois,Provider B,316.12,82,1440p,2,4
4/8/2023,Illinois,Provider C,184.97,29,1440p,1,8
4/8/2023,Illinois,Provider D,187.49,40,1080p,3,3
4/8/2023,Illinois,Provider E,356.86,52,720p,5,4
4/9/2023,Cali,Provider A,843,73,1440p,1,0
4/9/2023,Cali,Provider B,524.49,71,1440p,5,8
4/9/2023,Cali,Provider C,870.37,90,4K,2,4
4/9/2023,Cali,Provider D,792.22,46,720p,2,0
4/9/2023,Cali,Provider E,95.54,54,720p,1,3
4/9/2023,Texas,Provider A,669.18,79,480p,4,5
4/9/2023,Texas,Provider B,903.52,48,1080p,2,0
4/9/2023,Texas,Provider C,950.63,66,4K,2,7
4/9/2023,Texas,Provider D,924.07,79,1080p,1,5
4/9/2023,Texas,Provider E,892.9,93,720p,5,6
4/9/2023,Illinois,Provider A,445.2,80,1440p,3,9
4/9/2023,Illinois,Provider B,366.87,35,1080p,2,3
4/9/2023,Illinois,Provider C,877.07,58,480p,2,4
4/9/2023,Illinois,Provider D,784.99,97,1080p,4,0
4/9/2023,Illinois,Provider E,375.23,100,4K,3,0
4/10/2023,Cali,Provider A,662.08,27,4K,2,10
4/10/2023,Cali,Provider B,786.94,50,1080p,2,10
4/10/2023,Cali,Provider C,755.83,76,480p,1,9
4/10/2023,Cali,Provider D,696.07,16,480p,4,9
4/10/2023,Cali,Provider E,497.06,51,1440p,3,8
4/10/2023,Texas,Provider A,435.62,58,720p,3,2
4/10/2023,Texas,Provider B,127.21,98,720p,3,5
4/10/2023,Texas,Provider C,851.53,59,4K,4,10
4/10/2023,Texas,Provider D,700.2,34,1440p,5,0
4/10/2023,Texas,Provider E,381.42,47,1440p,5,1
4/10/2023,Illinois,Provider A,751.58,71,480p,5,9
4/10/2023,Illinois,Provider B,391.16,10,480p,2,5
4/10/2023,Illinois,Provider C,837.6,91,720p,3,5
4/10/2023,Illinois,Provider D,370.8,67,480p,1,0
4/10/2023,Illinois,Provider E,624.61,74,4K,2,5
4/11/2023,Cali,Provider A,613.24,71,480p,4,1
4/11/2023,Cali,Provider B,159.02,40,4K,4,7
4/11/2023,Cali,Provider C,411.54,27,480p,4,1
4/11/2023,Cali,Provider D,788.72,72,720p,3,8
4/11/2023,Cali,Provider E,109.42,68,1440p,4,10
4/11/2023,Texas,Provider A,819.66,19,720p,5,4
4/11/2023,Texas,Provider B,740.06,22,480p,2,1
4/11/2023,Texas,Provider C,488.27,69,720p,1,8
4/11/2023,Texas,Provider D,571.5,86,1440p,1,3
4/11/2023,Texas,Provider E,994.73,24,4K,3,3
4/11/2023,Illinois,Provider A,134.33,45,720p,2,6
4/11/2023,Illinois,Provider B,829.91,18,480p,3,10
4/11/2023,Illinois,Provider C,934.92,43,4K,3,6
4/11/2023,Illinois,Provider D,308.85,38,1080p,1,1
4/11/2023,Illinois,Provider E,466.17,27,4K,5,7
4/12/2023,Cali,Provider A,772.99,12,1080p,2,6
4/12/2023,Cali,Provider B,529.58,69,720p,4,7
4/12/2023,Cali,Provider C,254.77,27,480p,5,10
4/12/2023,Cali,Provider D,155.99,12,4K,2,9
4/12/2023,Cali,Provider E,920.26,33,1440p,3,0
4/12/2023,Texas,Provider A,615.69,22,1440p,2,8
4/12/2023,Texas,Provider B,249.26,37,4K,4,8
4/12/2023,Texas,Provider C,540.21,37,1080p,4,6
4/12/2023,Texas,Provider D,945.01,82,480p,5,6
4/12/2023,Texas,Provider E,959.71,29,1440p,2,1
4/12/2023,Illinois,Provider A,851.5,100,1440p,3,1
4/12/2023,Illinois,Provider B,654.65,27,4K,2,4
4/12/2023,Illinois,Provider C,141.72,73,4K,3,6
4/12/2023,Illinois,Provider D,401.63,53,4K,3,7
4/12/2023,Illinois,Provider E,519.54,20,1440p,2,10
4/13/2023,Cali,Provider A,533.38,19,480p,5,1
4/13/2023,Cali,Provider B,563.12,37,4K,3,6
4/13/2023,Cali,Provider C,332.43,52,480p,4,7
4/13/2023,Cali,Provider D,777.89,34,720p,1,10
4/13/2023,Cali,Provider E,329.6,48,4K,3,7
4/13/2023,Texas,Provider A,914.96,58,1080p,2,4
4/13/2023,Texas,Provider B,622.79,70,480p,5,2
4/13/2023,Texas,Provider C,626.8,60,720p,5,0
4/13/2023,Texas,Provider D,986.52,33,720p,3,3
4/13/2023,Texas,Provider E,260.93,63,720p,5,0
4/13/2023,Illinois,Provider A,478.26,21,480p,3,2
4/13/2023,Illinois,Provider B,375.06,39,720p,2,8
4/13/2023,Illinois,Provider C,169.13,63,4K,2,9
4/13/2023,Illinois,Provider D,95.2,26,720p,3,10
4/13/2023,Illinois,Provider E,944.85,75,1440p,5,10
4/14/2023,Cali,Provider A,838.88,13,1080p,5,5
4/14/2023,Cali,Provider B,661.61,45,480p,2,10
4/14/2023,Cali,Provider C,341.09,91,4K,3,3
4/14/2023,Cali,Provider D,648.84,14,1080p,3,1
4/14/2023,Cali,Provider E,605.19,99,4K,4,6
4/14/2023,Texas,Provider A,253.14,73,1080p,2,4
4/14/2023,Texas,Provider B,855.93,35,480p,4,3
4/14/2023,Texas,Provider C,667.65,94,720p,2,1
4/14/2023,Texas,Provider D,127.96,52,1080p,2,8
4/14/2023,Texas,Provider E,878.55,12,1440p,1,8
4/14/2023,Illinois,Provider A,472.24,68,4K,2,4
4/14/2023,Illinois,Provider B,767.99,48,1440p,3,10
4/14/2023,Illinois,Provider C,347.64,60,4K,3,6
4/14/2023,Illinois,Provider D,222.41,27,1080p,3,1
4/14/2023,Illinois,Provider E,843.46,72,1080p,2,0
4/15/2023,Cali,Provider A,93.42,64,1080p,3,0
4/15/2023,Cali,Provider B,908.45,37,1440p,3,5
4/15/2023,Cali,Provider C,900.6,79,1440p,1,1
4/15/2023,Cali,Provider D,585.4,30,1080p,2,5
4/15/2023,Cali,Provider E,927.05,47,1080p,1,7
4/15/2023,Texas,Provider A,466.02,65,1080p,5,0
4/15/2023,Texas,Provider B,341.02,90,1440p,4,6
4/15/2023,Texas,Provider C,682.99,57,1080p,1,1
4/15/2023,Texas,Provider D,545.23,16,1080p,3,0
4/15/2023,Texas,Provider E,865.91,72,720p,4,8
4/15/2023,Illinois,Provider A,418.35,82,480p,4,10
4/15/2023,Illinois,Provider B,293.13,94,1080p,2,0
4/15/2023,Illinois,Provider C,431.1,76,720p,4,7
4/15/2023,Illinois,Provider D,520.08,42,480p,4,1
4/15/2023,Illinois,Provider E,181.36,24,1080p,2,2
4/16/2023,Cali,Provider A,234.39,93,720p,4,0
4/16/2023,Cali,Provider B,294.17,45,4K,2,0
4/16/2023,Cali,Provider C,121.25,85,1080p,2,10
4/16/2023,Cali,Provider D,564.38,20,1080p,1,3
4/16/2023,Cali,Provider E,799.62,94,480p,5,10
4/16/2023,Texas,Provider A,155.37,82,1080p,4,9
4/16/2023,Texas,Provider B,865.81,33,4K,4,8
4/16/2023,Texas,Provider C,340.31,74,4K,4,3
4/16/2023,Texas,Provider D,849.09,51,720p,5,1
4/16/2023,Texas,Provider E,516.82,37,480p,2,10
4/16/2023,Illinois,Provider A,189.04,32,1080p,1,0
4/16/2023,Illinois,Provider B,987.05,11,720p,4,2
4/16/2023,Illinois,Provider C,977.18,94,720p,4,8
4/16/2023,Illinois,Provider D,528.12,97,720p,2,9
4/16/2023,Illinois,Provider E,454.23,51,1080p,4,5
4/17/2023,Cali,Provider A,548.74,60,720p,3,0
4/17/2023,Cali,Provider B,204.01,62,480p,1,9
4/17/2023,Cali,Provider C,217.16,45,720p,5,1
4/17/2023,Cali,Provider D,246.36,19,720p,2,6
4/17/2023,Cali,Provider E,74.88,12,720p,4,6
4/17/2023,Texas,Provider A,605.5,93,480p,1,10
4/17/2023,Texas,Provider B,228.72,34,1080p,1,5
4/17/2023,Texas,Provider C,420.45,71,1440p,5,8
4/17/2023,Texas,Provider D,512.43,96,720p,3,0
4/17/2023,Texas,Provider E,184.62,85,1080p,4,9
4/17/2023,Illinois,Provider A,541.51,21,1440p,2,5
4/17/2023,Illinois,Provider B,592.8,62,480p,5,7
4/17/2023,Illinois,Provider C,579.42,27,480p,5,2
4/17/2023,Illinois,Provider D,169.7,12,1080p,3,5
4/17/2023,Illinois,Provider E,205.66,28,1440p,2,0
4/18/2023,Cali,Provider A,358.75,76,1080p,3,2
4/18/2023,Cali,Provider B,481.4,30,480p,4,2
4/18/2023,Cali,Provider C,634.51,44,1440p,1,5
4/18/2023,Cali,Provider D,82.78,34,1080p,4,0
4/18/2023,Cali,Provider E,618.58,18,4K,4,9
4/18/2023,Texas,Provider A,171.49,93,1440p,1,5
4/18/2023,Texas,Provider B,439.42,98,720p,1,7
4/18/2023,Texas,Provider C,820.41,85,480p,5,3
4/18/2023,Texas,Provider D,861.64,99,720p,4,8
4/18/2023,Texas,Provider E,769.88,100,480p,2,9
4/18/2023,Illinois,Provider A,885.52,83,4K,3,2
4/18/2023,Illinois,Provider B,694.61,51,480p,4,2
4/18/2023,Illinois,Provider C,981.01,35,480p,4,7
4/18/2023,Illinois,Provider D,796.1,64,1440p,1,0
4/18/2023,Illinois,Provider E,123.55,31,1080p,3,5
4/19/2023,Cali,Provider A,765.53,45,480p,3,2
4/19/2023,Cali,Provider B,672.75,49,1440p,1,1
4/19/2023,Cali,Provider C,185.51,10,720p,4,1
4/19/2023,Cali,Provider D,868.71,68,4K,4,7
4/19/2023,Cali,Provider E,809.56,32,1440p,4,9
4/19/2023,Texas,Provider A,976.58,20,720p,4,6
4/19/2023,Texas,Provider B,708.82,36,1440p,4,6
4/19/2023,Texas,Provider C,160.32,14,720p,3,10
4/19/2023,Texas,Provider D,166.48,71,720p,1,9
4/19/2023,Texas,Provider E,964.67,62,1440p,1,10
4/19/2023,Illinois,Provider A,939.67,37,1440p,3,8
4/19/2023,Illinois,Provider B,953.96,65,480p,5,2
4/19/2023,Illinois,Provider C,323.77,57,1440p,3,8
4/19/2023,Illinois,Provider D,263.71,23,1080p,2,9
4/19/2023,Illinois,Provider E,51.24,14,1080p,4,8
4/20/2023,Cali,Provider A,73.83,85,4K,5,5
4/20/2023,Cali,Provider B,219.74,58,1080p,1,5
4/20/2023,Cali,Provider C,811.76,16,720p,3,9
4/20/2023,Cali,Provider D,347.92,52,480p,3,3
4/20/2023,Cali,Provider E,98.2,27,4K,1,9
4/20/2023,Texas,Provider A,59.73,31,720p,4,3
4/20/2023,Texas,Provider B,629.8,66,480p,2,4
4/20/2023,Texas,Provider C,711.08,64,480p,4,8
4/20/2023,Texas,Provider D,858.81,24,1080p,4,3
4/20/2023,Texas,Provider E,183.32,48,720p,1,6
4/20/2023,Illinois,Provider A,628.08,63,1440p,1,2
4/20/2023,Illinois,Provider B,838.1,98,4K,4,4
4/20/2023,Illinois,Provider C,908.96,57,4K,3,2
4/20/2023,Illinois,Provider D,887.66,53,1440p,5,6
4/20/2023,Illinois,Provider E,988.55,34,1080p,5,9
4/21/2023,Cali,Provider A,219.92,50,4K,4,8
4/21/2023,Cali,Provider B,442.82,15,1440p,2,3
4/21/2023,Cali,Provider C,448.69,84,480p,1,9
4/21/2023,Cali,Provider D,984.89,27,1080p,2,9
4/21/2023,Cali,Provider E,593.17,82,1440p,4,5
4/21/2023,Texas,Provider A,655,51,480p,3,7
4/21/2023,Texas,Provider B,175.42,81,480p,5,6
4/21/2023,Texas,Provider C,219.93,17,480p,2,1
4/21/2023,Texas,Provider D,158.03,74,1080p,2,7
4/21/2023,Texas,Provider E,566.93,51,1080p,2,5
4/21/2023,Illinois,Provider A,783.65,44,1440p,5,10
4/21/2023,Illinois,Provider B,854.73,65,480p,4,2
4/21/2023,Illinois,Provider C,388.05,14,1080p,3,1
4/21/2023,Illinois,Provider D,118.19,19,480p,3,6
4/21/2023,Illinois,Provider E,251.71,55,480p,3,7
4/22/2023,Cali,Provider A,783.19,27,4K,2,1
4/22/2023,Cali,Provider B,192.16,16,720p,3,1
4/22/2023,Cali,Provider C,526.51,90,4K,5,9
4/22/2023,Cali,Provider D,118.95,27,1440p,1,7
4/22/2023,Cali,Provider E,193.52,47,720p,5,2
4/22/2023,Texas,Provider A,124.3,86,4K,4,7
4/22/2023,Texas,Provider B,262.19,63,480p,3,7
4/22/2023,Texas,Provider C,813.57,13,480p,3,1
4/22/2023,Texas,Provider D,463.77,53,4K,2,4
4/22/2023,Texas,Provider E,377.06,76,4K,1,8
4/22/2023,Illinois,Provider A,219.51,62,4K,2,9
4/22/2023,Illinois,Provider B,320.44,29,1080p,3,3
4/22/2023,Illinois,Provider C,730.17,60,480p,1,10
4/22/2023,Illinois,Provider D,219.54,62,720p,1,3
4/22/2023,Illinois,Provider E,464.46,95,4K,3,6
4/23/2023,Cali,Provider A,120.41,82,720p,2,10
4/23/2023,Cali,Provider B,789.15,19,1080p,4,8
4/23/2023,Cali,Provider C,888.25,56,720p,1,5
4/23/2023,Cali,Provider D,339.38,48,1440p,2,5
4/23/2023,Cali,Provider E,745.92,100,1080p,1,8
4/23/2023,Texas,Provider A,471.39,75,4K,2,8
4/23/2023,Texas,Provider B,252.33,85,1080p,3,0
4/23/2023,Texas,Provider C,695.91,38,1440p,2,7
4/23/2023,Texas,Provider D,542.65,62,1440p,5,7
4/23/2023,Texas,Provider E,384.52,49,4K,1,3
4/23/2023,Illinois,Provider A,897.65,48,4K,1,1
4/23/2023,Illinois,Provider B,635.35,34,4K,3,6
4/23/2023,Illinois,Provider C,142.17,19,4K,3,5
4/23/2023,Illinois,Provider D,351.38,67,1440p,5,7
4/23/2023,Illinois,Provider E,239.37,19,1440p,2,9
4/24/2023,Cali,Provider A,541.17,10,1440p,1,6
4/24/2023,Cali,Provider B,993.38,91,1440p,1,2
4/24/2023,Cali,Provider C,266.9,95,480p,4,9
4/24/2023,Cali,Provider D,574.62,40,1440p,4,5
4/24/2023,Cali,Provider E,445.82,41,4K,4,3
4/24/2023,Texas,Provider A,104.62,81,1440p,5,8
4/24/2023,Texas,Provider B,217.67,36,1440p,1,5
4/24/2023,Texas,Provider C,232.63,99,1080p,1,10
4/24/2023,Texas,Provider D,863.61,72,480p,4,0
4/24/2023,Texas,Provider E,519.03,75,4K,1,4
4/24/2023,Illinois,Provider A,422.27,12,720p,3,6
4/24/2023,Illinois,Provider B,832.58,75,4K,5,5
4/24/2023,Illinois,Provider C,149.08,25,1440p,5,8
4/24/2023,Illinois,Provider D,601.08,34,4K,4,1
4/24/2023,Illinois,Provider E,807.05,95,720p,2,7
4/25/2023,Cali,Provider A,675.6,20,1440p,1,9
4/25/2023,Cali,Provider B,574.3,47,720p,3,10
4/25/2023,Cali,Provider C,834.61,33,480p,4,8
4/25/2023,Cali,Provider D,980.54,37,1080p,2,2
4/25/2023,Cali,Provider E,661.69,74,4K,2,7
4/25/2023,Texas,Provider A,115.54,86,480p,2,7
4/25/2023,Texas,Provider B,603.35,77,4K,2,10
4/25/2023,Texas,Provider C,425.02,35,480p,5,4
4/25/2023,Texas,Provider D,789.51,60,480p,5,10
4/25/2023,Texas,Provider E,388.76,69,1080p,2,5
4/25/2023,Illinois,Provider A,546.45,28,720p,2,5
4/25/2023,Illinois,Provider B,430.11,32,1080p,1,8
4/25/2023,Illinois,Provider C,955.24,80,1080p,4,4
4/25/2023,Illinois,Provider D,754.33,47,480p,5,8
4/25/2023,Illinois,Provider E,635.5,96,1440p,4,10
4/26/2023,Cali,Provider A,677.26,58,1080p,2,6
4/26/2023,Cali,Provider B,941.74,60,1440p,5,10
4/26/2023,Cali,Provider C,921.85,78,1440p,3,7
4/26/2023,Cali,Provider D,243.36,52,480p,5,2
4/26/2023,Cali,Provider E,128.15,60,720p,5,8
4/26/2023,Texas,Provider A,493.43,57,4K,1,5
4/26/2023,Texas,Provider B,964.31,26,1440p,1,6
4/26/2023,Texas,Provider C,860.3,29,1440p,2,4
4/26/2023,Texas,Provider D,437.58,21,1440p,3,4
4/26/2023,Texas,Provider E,735.44,45,1440p,2,6
4/26/2023,Illinois,Provider A,722.39,44,4K,4,4
4/26/2023,Illinois,Provider B,921.04,78,1440p,1,7
4/26/2023,Illinois,Provider C,189.48,37,1080p,5,2
4/26/2023,Illinois,Provider D,752.78,25,4K,2,2
4/26/2023,Illinois,Provider E,923.07,80,480p,3,8
4/27/2023,Cali,Provider A,363.62,48,4K,4,9
4/27/2023,Cali,Provider B,394.56,60,4K,5,0
4/27/2023,Cali,Provider C,96.66,79,1440p,3,7
4/27/2023,Cali,Provider D,683.54,60,720p,5,3
4/27/2023,Cali,Provider E,740.74,33,1080p,2,3
4/27/2023,Texas,Provider A,532.21,82,4K,4,7
4/27/2023,Texas,Provider B,971.72,18,720p,1,1
4/27/2023,Texas,Provider C,693.9,12,4K,4,9
4/27/2023,Texas,Provider D,908.72,14,1080p,1,2
4/27/2023,Texas,Provider E,464.06,27,480p,4,6
4/27/2023,Illinois,Provider A,718.98,65,1440p,1,8
4/27/2023,Illinois,Provider B,95.6,68,720p,5,7
4/27/2023,Illinois,Provider C,895.89,16,720p,3,3
4/27/2023,Illinois,Provider D,802.88,57,480p,3,6
4/27/2023,Illinois,Provider E,895.13,35,1080p,2,3
4/28/2023,Cali,Provider A,802.25,40,480p,1,3
4/28/2023,Cali,Provider B,795.04,15,1440p,3,8
4/28/2023,Cali,Provider C,486.8,52,1440p,4,9
4/28/2023,Cali,Provider D,59.84,96,1080p,1,0
4/28/2023,Cali,Provider E,882.26,47,720p,5,10
4/28/2023,Texas,Provider A,794.49,38,4K,4,10
4/28/2023,Texas,Provider B,153.57,46,1440p,2,1
4/28/2023,Texas,Provider C,953.06,78,480p,1,3
4/28/2023,Texas,Provider D,101.17,68,480p,4,6
4/28/2023,Texas,Provider E,641.1,24,1080p,5,3
4/28/2023,Illinois,Provider A,629.9,64,720p,4,0
4/28/2023,Illinois,Provider B,775.09,21,480p,3,1
4/28/2023,Illinois,Provider C,488.16,51,480p,5,10
4/28/2023,Illinois,Provider D,861.34,89,720p,4,10
4/28/2023,Illinois,Provider E,98.87,65,1080p,3,7
4/29/2023,Cali,Provider A,342.48,98,720p,5,10
4/29/2023,Cali,Provider B,149.16,34,1440p,5,7
4/29/2023,Cali,Provider C,603.18,63,720p,5,10
4/29/2023,Cali,Provider D,572.37,36,480p,3,2
4/29/2023,Cali,Provider E,432.52,98,720p,3,5
4/29/2023,Texas,Provider A,366.61,87,4K,1,9
4/29/2023,Texas,Provider B,130.32,22,1080p,4,5
4/29/2023,Texas,Provider C,140.68,32,1080p,4,1
4/29/2023,Texas,Provider D,224.79,74,4K,3,5
4/29/2023,Texas,Provider E,893.94,92,720p,3,0
4/29/2023,Illinois,Provider A,784.53,37,4K,4,4
4/29/2023,Illinois,Provider B,804.51,70,480p,2,2
4/29/2023,Illinois,Provider C,401.36,73,1080p,4,5
4/29/2023,Illinois,Provider D,407.05,66,1440p,1,7
4/29/2023,Illinois,Provider E,298.11,55,1440p,4,8
4/30/2023,Cali,Provider A,313.75,54,480p,5,10
4/30/2023,Cali,Provider B,853.05,39,4K,5,8
4/30/2023,Cali,Provider C,784.67,21,4K,1,3
4/30/2023,Cali,Provider D,254.97,32,1080p,1,8
4/30/2023,Cali,Provider E,342.82,82,1440p,1,0
4/30/2023,Texas,Provider A,217.91,81,1080p,4,9
4/30/2023,Texas,Provider B,313.34,99,720p,3,9
4/30/2023,Texas,Provider C,984.92,16,1080p,3,0
4/30/2023,Texas,Provider D,868.24,98,4K,5,8
4/30/2023,Texas,Provider E,577.89,13,1440p,5,6
4/30/2023,Illinois,Provider A,704.01,31,720p,1,0
4/30/2023,Illinois,Provider B,912.71,68,4K,1,8
4/30/2023,Illinois,Provider C,771.48,18,4K,5,10
4/30/2023,Illinois,Provider D,173.49,58,480p,5,6
4/30/2023,Illinois,Provider E,970.21,47,720p,4,2
5/1/2023,Cali,Provider A,375.29,84,4K,5,10
5/1/2023,Cali,Provider B,424.75,90,4K,4,8
5/1/2023,Cali,Provider C,643.05,67,1440p,2,0
5/1/2023,Cali,Provider D,796.57,10,4K,5,2
5/1/2023,Cali,Provider E,260.92,60,720p,4,0
5/1/2023,Texas,Provider A,414.73,47,720p,3,9
5/1/2023,Texas,Provider B,513.99,31,1080p,2,10
5/1/2023,Texas,Provider C,298.28,34,4K,5,7
5/1/2023,Texas,Provider D,785.62,27,720p,1,0
5/1/2023,Texas,Provider E,573.96,58,1080p,1,8
5/1/2023,Illinois,Provider A,66.62,46,4K,5,7
5/1/2023,Illinois,Provider B,632.47,57,480p,3,10
5/1/2023,Illinois,Provider C,758.46,90,480p,2,1
5/1/2023,Illinois,Provider D,743.75,58,480p,4,0
5/1/2023,Illinois,Provider E,164.6,80,4K,3,7
5/2/2023,Cali,Provider A,984.22,85,1440p,4,1
5/2/2023,Cali,Provider B,174.34,94,720p,3,1
5/2/2023,Cali,Provider C,995.54,39,1440p,5,3
5/2/2023,Cali,Provider D,319.8,71,480p,5,10
5/2/2023,Cali,Provider E,294.96,78,480p,4,5
5/2/2023,Texas,Provider A,675.93,22,720p,4,1
5/2/2023,Texas,Provider B,966.33,92,4K,2,8
5/2/2023,Texas,Provider C,241.46,88,4K,3,9
5/2/2023,Texas,Provider D,996.02,15,480p,2,2
5/2/2023,Texas,Provider E,576.46,76,4K,5,10
5/2/2023,Illinois,Provider A,516.65,86,1080p,1,10
5/2/2023,Illinois,Provider B,589.96,42,4K,5,1
5/2/2023,Illinois,Provider C,920.58,96,4K,1,0
5/2/2023,Illinois,Provider D,483.59,85,1080p,2,4
5/2/2023,Illinois,Provider E,261.82,73,480p,5,0
5/3/2023,Cali,Provider A,685.55,46,720p,4,9
5/3/2023,Cali,Provider B,605.23,72,720p,2,9
5/3/2023,Cali,Provider C,342.91,67,1440p,1,0
5/3/2023,Cali,Provider D,89.27,13,480p,4,4
5/3/2023,Cali,Provider E,184.28,64,1440p,4,3
5/3/2023,Texas,Provider A,178.65,78,720p,2,10
5/3/2023,Texas,Provider B,484.94,64,480p,5,9
5/3/2023,Texas,Provider C,386.87,94,480p,2,5
5/3/2023,Texas,Provider D,875.73,56,480p,1,2
5/3/2023,Texas,Provider E,192.68,31,1440p,1,4
5/3/2023,Illinois,Provider A,818.02,98,480p,4,8
5/3/2023,Illinois,Provider B,785.38,83,1440p,2,9
5/3/2023,Illinois,Provider C,876.47,41,1440p,3,2
5/3/2023,Illinois,Provider D,573.96,44,480p,5,4
5/3/2023,Illinois,Provider E,64.24,70,480p,5,9
5/4/2023,Cali,Provider A,599.86,30,1440p,1,6
5/4/2023,Cali,Provider B,931.28,99,4K,3,10
5/4/2023,Cali,Provider C,925.52,74,1080p,5,1
5/4/2023,Cali,Provider D,900.28,34,4K,1,8
5/4/2023,Cali,Provider E,457.43,72,480p,5,9
5/4/2023,Texas,Provider A,487.92,74,1080p,4,8
5/4/2023,Texas,Provider B,701.02,56,4K,2,5
5/4/2023,Texas,Provider C,130.3,60,1440p,3,1
5/4/2023,Texas,Provider D,899.85,59,720p,3,3
5/4/2023,Texas,Provider E,888.72,95,4K,1,10
5/4/2023,Illinois,Provider A,806.3,55,4K,1,5
5/4/2023,Illinois,Provider B,357.66,85,480p,1,10
5/4/2023,Illinois,Provider C,313.19,45,1440p,4,2
5/4/2023,Illinois,Provider D,546.12,58,480p,1,4
5/4/2023,Illinois,Provider E,560.92,57,4K,4,3
5/5/2023,Cali,Provider A,607.94,73,1080p,3,4
5/5/2023,Cali,Provider B,58.91,52,1440p,3,4
5/5/2023,Cali,Provider C,345.54,36,720p,2,7
5/5/2023,Cali,Provider D,872.71,19,480p,5,3
5/5/2023,Cali,Provider E,513.62,72,1440p,3,3
5/5/2023,Texas,Provider A,138.52,59,720p,2,0
5/5/2023,Texas,Provider B,721.78,60,1080p,2,4
5/5/2023,Texas,Provider C,285.11,85,1080p,5,3
5/5/2023,Texas,Provider D,200.31,83,720p,4,9
5/5/2023,Texas,Provider E,676.62,94,4K,5,6
5/5/2023,Illinois,Provider A,741.8,40,4K,4,5
5/5/2023,Illinois,Provider B,878.64,64,4K,3,6
5/5/2023,Illinois,Provider C,232.42,99,4K,4,7
5/5/2023,Illinois,Provider D,413.97,35,1440p,1,1
5/5/2023,Illinois,Provider E,688.8,76,1440p,3,2
5/6/2023,Cali,Provider A,816.49,12,1440p,1,10
5/6/2023,Cali,Provider B,150,40,4K,2,1
5/6/2023,Cali,Provider C,961.46,91,720p,5,9
5/6/2023,Cali,Provider D,809.36,83,1440p,5,2
5/6/2023,Cali,Provider E,86.27,19,480p,5,6
5/6/2023,Texas,Provider A,138.81,74,1440p,1,1
5/6/2023,Texas,Provider B,186.43,29,1080p,4,2
5/6/2023,Texas,Provider C,89.04,64,1440p,3,6
5/6/2023,Texas,Provider D,915.57,87,480p,4,4
5/6/2023,Texas,Provider E,801.38,11,1440p,4,4
5/6/2023,Illinois,Provider A,747.88,90,1440p,4,6
5/6/2023,Illinois,Provider B,418.07,41,480p,1,2
5/6/2023,Illinois,Provider C,302.83,13,720p,3,8
5/6/2023,Illinois,Provider D,417.67,15,480p,2,0
5/6/2023,Illinois,Provider E,704.13,79,480p,3,9
5/7/2023,Cali,Provider A,317.14,55,1440p,2,7
5/7/2023,Cali,Provider B,829.77,69,4K,1,10
5/7/2023,Cali,Provider C,592.88,12,480p,4,7
5/7/2023,Cali,Provider D,857.81,88,1440p,5,0
5/7/2023,Cali,Provider E,313.19,97,1080p,5,3
5/7/2023,Texas,Provider A,880.41,66,4K,2,7
5/7/2023,Texas,Provider B,815.71,40,1440p,2,7
5/7/2023,Texas,Provider C,769.5,89,1440p,1,6
5/7/2023,Texas,Provider D,379.84,63,4K,4,1
5/7/2023,Texas,Provider E,835.25,77,480p,4,9
5/7/2023,Illinois,Provider A,512.49,74,480p,4,2
5/7/2023,Illinois,Provider B,793.64,74,4K,2,1
5/7/2023,Illinois,Provider C,611.71,51,720p,4,8
5/7/2023,Illinois,Provider D,241.68,49,720p,5,1
5/7/2023,Illinois,Provider E,617.42,22,480p,4,0
5/8/2023,Cali,Provider A,876.71,60,720p,5,5
5/8/2023,Cali,Provider B,625.52,34,480p,5,1
5/8/2023,Cali,Provider C,740.31,99,4K,5,5
5/8/2023,Cali,Provider D,459.66,65,480p,1,3
5/8/2023,Cali,Provider E,685.7,32,480p,1,6
5/8/2023,Texas,Provider A,355.7,65,1440p,1,9
5/8/2023,Texas,Provider B,879.18,62,4K,4,0
5/8/2023,Texas,Provider C,736.51,20,4K,1,6
5/8/2023,Texas,Provider D,481.55,57,720p,3,3
5/8/2023,Texas,Provider E,601.85,39,4K,2,1
5/8/2023,Illinois,Provider A,162.86,10,4K,1,6
5/8/2023,Illinois,Provider B,181.64,65,4K,4,3
5/8/2023,Illinois,Provider C,450.59,63,720p,2,10
5/8/2023,Illinois,Provider D,424.93,28,1440p,1,1
5/8/2023,Illinois,Provider E,369.35,65,720p,1,8
5/9/2023,Cali,Provider A,177.94,67,4K,2,1
5/9/2023,Cali,Provider B,550.29,29,1440p,4,0
5/9/2023,Cali,Provider C,103.98,55,720p,2,1
5/9/2023,Cali,Provider D,295.86,65,4K,1,9
5/9/2023,Cali,Provider E,954.82,14,1080p,3,7
5/9/2023,Texas,Provider A,262.71,20,720p,3,9
5/9/2023,Texas,Provider B,491.54,15,1440p,4,7
5/9/2023,Texas,Provider C,154.36,35,720p,4,9
5/9/2023,Texas,Provider D,425.86,100,1080p,4,0
5/9/2023,Texas,Provider E,590.14,10,720p,3,4
5/9/2023,Illinois,Provider A,926.92,80,480p,5,4
5/9/2023,Illinois,Provider B,933.61,26,480p,2,1
5/9/2023,Illinois,Provider C,735.77,64,1440p,5,10
5/9/2023,Illinois,Provider D,950.75,15,720p,5,6
5/9/2023,Illinois,Provider E,528.79,60,4K,1,5
5/10/2023,Cali,Provider A,886.72,77,720p,5,4
5/10/2023,Cali,Provider B,823.99,80,1080p,2,9
5/10/2023,Cali,Provider C,493.99,85,1440p,2,3
5/10/2023,Cali,Provider D,367.44,96,720p,1,10
5/10/2023,Cali,Provider E,275.02,66,4K,2,9
5/10/2023,Texas,Provider A,728.66,44,480p,5,6
5/10/2023,Texas,Provider B,671.26,38,720p,5,9
5/10/2023,Texas,Provider C,259.73,62,480p,2,2
5/10/2023,Texas,Provider D,946.65,38,4K,1,0
5/10/2023,Texas,Provider E,358.18,43,1080p,4,0
5/10/2023,Illinois,Provider A,97.33,36,720p,4,6
5/10/2023,Illinois,Provider B,659.19,46,4K,1,7
5/10/2023,Illinois,Provider C,122.56,20,1080p,4,0
5/10/2023,Illinois,Provider D,883.7,48,4K,1,6
5/10/2023,Illinois,Provider E,262.15,72,480p,2,8
5/11/2023,Cali,Provider A,519.4,93,480p,2,4
5/11/2023,Cali,Provider B,280.05,35,1080p,1,3
5/11/2023,Cali,Provider C,669.17,26,720p,2,8
5/11/2023,Cali,Provider D,887.62,42,720p,2,6
5/11/2023,Cali,Provider E,160.42,56,1080p,3,5
5/11/2023,Texas,Provider A,931.1,25,4K,5,2
5/11/2023,Texas,Provider B,228.12,54,480p,3,0
5/11/2023,Texas,Provider C,389.14,13,4K,3,2
5/11/2023,Texas,Provider D,334.88,89,480p,5,2
5/11/2023,Texas,Provider E,549.85,88,480p,2,10
5/11/2023,Illinois,Provider A,303.17,23,4K,3,10
5/11/2023,Illinois,Provider B,783.66,17,480p,2,5
5/11/2023,Illinois,Provider C,472.71,19,1080p,1,2
5/11/2023,Illinois,Provider D,554.11,12,480p,3,9
5/11/2023,Illinois,Provider E,96.77,64,4K,4,7
5/12/2023,Cali,Provider A,615.96,35,720p,2,1
5/12/2023,Cali,Provider B,660.08,20,1440p,5,4
5/12/2023,Cali,Provider C,647.27,47,1080p,3,4
5/12/2023,Cali,Provider D,582.59,64,1440p,4,10
5/12/2023,Cali,Provider E,163.51,24,480p,5,1
5/12/2023,Texas,Provider A,116.09,41,4K,2,4
5/12/2023,Texas,Provider B,608.97,39,720p,3,3
5/12/2023,Texas,Provider C,660.18,57,480p,5,3
5/12/2023,Texas,Provider D,512.83,24,720p,4,4
5/12/2023,Texas,Provider E,929.94,99,1080p,4,10
5/12/2023,Illinois,Provider A,966.92,100,720p,1,4
5/12/2023,Illinois,Provider B,329.42,17,1080p,3,5
5/12/2023,Illinois,Provider C,514.26,32,4K,2,5
5/12/2023,Illinois,Provider D,449.57,78,480p,1,4
5/12/2023,Illinois,Provider E,673.73,31,1440p,2,2
5/13/2023,Cali,Provider A,204.15,28,1440p,3,0
5/13/2023,Cali,Provider B,547.38,25,480p,3,4
5/13/2023,Cali,Provider C,525.29,30,1080p,4,8
5/13/2023,Cali,Provider D,544.9,37,4K,5,6
5/13/2023,Cali,Provider E,641.98,24,480p,1,1
5/13/2023,Texas,Provider A,981.05,79,720p,5,10
5/13/2023,Texas,Provider B,813.33,20,720p,1,7
5/13/2023,Texas,Provider C,367.75,97,1440p,1,2
5/13/2023,Texas,Provider D,553.26,82,1080p,4,1
5/13/2023,Texas,Provider E,145.06,54,720p,5,0
5/13/2023,Illinois,Provider A,149.75,48,480p,2,7
5/13/2023,Illinois,Provider B,707.18,97,480p,2,4
5/13/2023,Illinois,Provider C,700.89,96,1440p,2,9
5/13/2023,Illinois,Provider D,83.99,26,1080p,2,6
5/13/2023,Illinois,Provider E,188.21,66,1080p,1,10
5/14/2023,Cali,Provider A,570.19,10,1080p,4,5
5/14/2023,Cali,Provider B,903.85,62,720p,5,1
5/14/2023,Cali,Provider C,988.72,61,720p,4,5
5/14/2023,Cali,Provider D,724.18,58,720p,5,7
5/14/2023,Cali,Provider E,290.64,19,4K,3,10
5/14/2023,Texas,Provider A,78.43,20,1080p,5,8
5/14/2023,Texas,Provider B,586.19,20,720p,5,10
5/14/2023,Texas,Provider C,817.07,96,1440p,3,8
5/14/2023,Texas,Provider D,597.99,85,1080p,3,2
5/14/2023,Texas,Provider E,629.29,52,480p,2,8
5/14/2023,Illinois,Provider A,65.62,84,1440p,2,3
5/14/2023,Illinois,Provider B,187.17,83,4K,5,7
5/14/2023,Illinois,Provider C,907.46,74,720p,3,7
5/14/2023,Illinois,Provider D,773.26,72,720p,5,0
5/14/2023,Illinois,Provider E,541.34,21,720p,5,5
5/15/2023,Cali,Provider A,910.79,19,1080p,5,7
5/15/2023,Cali,Provider B,505.16,35,1080p,3,1
5/15/2023,Cali,Provider C,577.51,25,1080p,2,3
5/15/2023,Cali,Provider D,103.51,77,1440p,2,5
5/15/2023,Cali,Provider E,679.51,53,720p,5,8
5/15/2023,Texas,Provider A,406.17,60,1440p,2,3
5/15/2023,Texas,Provider B,98.81,76,4K,5,9
5/15/2023,Texas,Provider C,499.41,87,480p,5,8
5/15/2023,Texas,Provider D,972.99,19,720p,1,7
5/15/2023,Texas,Provider E,340.42,69,4K,2,6
5/15/2023,Illinois,Provider A,276.55,99,1440p,4,10
5/15/2023,Illinois,Provider B,60.05,24,1440p,1,7
5/15/2023,Illinois,Provider C,727.46,58,1080p,1,8
5/15/2023,Illinois,Provider D,634.49,88,1080p,4,5
5/15/2023,Illinois,Provider E,837.07,11,4K,1,0
5/16/2023,Cali,Provider A,479.36,97,480p,3,6
5/16/2023,Cali,Provider B,949.93,63,720p,2,6
5/16/2023,Cali,Provider C,298.9,87,1080p,5,2
5/16/2023,Cali,Provider D,171.76,100,1440p,5,2
5/16/2023,Cali,Provider E,360.51,66,720p,2,1
5/16/2023,Texas,Provider A,511.72,97,1080p,2,1
5/16/2023,Texas,Provider B,970.72,93,4K,3,10
5/16/2023,Texas,Provider C,777.1,35,720p,3,1
5/16/2023,Texas,Provider D,893.74,58,480p,1,1
5/16/2023,Texas,Provider E,774.73,93,720p,2,4
5/16/2023,Illinois,Provider A,711.07,71,1440p,1,10
5/16/2023,Illinois,Provider B,833.05,62,720p,2,1
5/16/2023,Illinois,Provider C,484.69,92,1440p,4,7
5/16/2023,Illinois,Provider D,264.19,75,1080p,1,2
5/16/2023,Illinois,Provider E,896.02,99,1440p,1,9
5/17/2023,Cali,Provider A,598.09,76,4K,2,9
5/17/2023,Cali,Provider B,543.71,89,1080p,4,0
5/17/2023,Cali,Provider C,250.3,93,1080p,4,4
5/17/2023,Cali,Provider D,889.51,99,480p,5,5
5/17/2023,Cali,Provider E,880.02,30,1080p,4,6
5/17/2023,Texas,Provider A,799.47,35,720p,1,5
5/17/2023,Texas,Provider B,502.9,65,720p,5,9
5/17/2023,Texas,Provider C,327.95,12,4K,4,8
5/17/2023,Texas,Provider D,546.2,99,480p,3,10
5/17/2023,Texas,Provider E,302.07,91,720p,4,1
5/17/2023,Illinois,Provider A,948.18,99,1440p,3,9
5/17/2023,Illinois,Provider B,176.67,42,480p,2,9
5/17/2023,Illinois,Provider C,538.29,34,480p,4,8
5/17/2023,Illinois,Provider D,812.33,44,480p,3,7
5/17/2023,Illinois,Provider E,486.03,67,1080p,3,2
5/18/2023,Cali,Provider A,422.23,11,1080p,4,5
5/18/2023,Cali,Provider B,549.19,98,480p,1,6
5/18/2023,Cali,Provider C,153.95,60,4K,1,4
5/18/2023,Cali,Provider D,753.85,77,4K,5,6
5/18/2023,Cali,Provider E,376.64,85,1440p,1,10
5/18/2023,Texas,Provider A,925.32,11,1440p,5,1
5/18/2023,Texas,Provider B,709.75,43,1440p,1,6
5/18/2023,Texas,Provider C,656.06,14,480p,1,4
5/18/2023,Texas,Provider D,399.3,82,1080p,2,5
5/18/2023,Texas,Provider E,626.28,76,720p,1,5
5/18/2023,Illinois,Provider A,474.55,58,1080p,2,8
5/18/2023,Illinois,Provider B,56.16,58,480p,3,5
5/18/2023,Illinois,Provider C,174.96,13,4K,1,3
5/18/2023,Illinois,Provider D,301.01,59,1440p,3,1
5/18/2023,Illinois,Provider E,745.67,73,720p,5,6
5/19/2023,Cali,Provider A,679.95,15,1080p,2,6
5/19/2023,Cali,Provider B,713.6,62,4K,4,1
5/19/2023,Cali,Provider C,261.29,61,1080p,4,4
5/19/2023,Cali,Provider D,574.99,42,720p,1,0
5/19/2023,Cali,Provider E,874.42,79,1440p,4,10
5/19/2023,Texas,Provider A,981.69,87,1080p,3,10
5/19/2023,Texas,Provider B,282.75,59,4K,3,5
5/19/2023,Texas,Provider C,708.84,47,1080p,5,6
5/19/2023,Texas,Provider D,324.99,40,1440p,1,0
5/19/2023,Texas,Provider E,233.16,39,1440p,5,7
5/19/2023,Illinois,Provider A,754.55,79,480p,4,8
5/19/2023,Illinois,Provider B,939.97,29,1440p,2,9
5/19/2023,Illinois,Provider C,108.56,14,1440p,5,5
5/19/2023,Illinois,Provider D,349.02,43,4K,4,6
5/19/2023,Illinois,Provider E,63.23,51,4K,1,9
5/20/2023,Cali,Provider A,121.76,30,480p,3,10
5/20/2023,Cali,Provider B,416.83,95,1080p,1,5
5/20/2023,Cali,Provider C,393.45,82,720p,2,9
5/20/2023,Cali,Provider D,178.66,85,480p,4,0
5/20/2023,Cali,Provider E,576.37,88,480p,5,0
5/20/2023,Texas,Provider A,211.59,58,1080p,5,8
5/20/2023,Texas,Provider B,849.68,45,480p,4,5
5/20/2023,Texas,Provider C,263.67,74,1080p,1,6
5/20/2023,Texas,Provider D,164.81,10,1440p,5,4
5/20/2023,Texas,Provider E,231.82,45,720p,4,3
5/20/2023,Illinois,Provider A,417.1,65,1440p,4,7
5/20/2023,Illinois,Provider B,974.03,87,1440p,3,3
5/20/2023,Illinois,Provider C,126.23,16,480p,4,0
5/20/2023,Illinois,Provider D,282.05,95,4K,4,4
5/20/2023,Illinois,Provider E,870,35,720p,3,1
5/21/2023,Cali,Provider A,954.8,91,480p,5,6
5/21/2023,Cali,Provider B,836.77,19,720p,1,3
5/21/2023,Cali,Provider C,678.8,59,720p,1,7
5/21/2023,Cali,Provider D,506.6,30,720p,4,2
5/21/2023,Cali,Provider E,91.42,11,4K,5,0
5/21/2023,Texas,Provider A,624.82,16,720p,2,5
5/21/2023,Texas,Provider B,996.87,49,1080p,2,6
5/21/2023,Texas,Provider C,575.81,90,1440p,5,5
5/21/2023,Texas,Provider D,582.2,47,4K,3,6
5/21/2023,Texas,Provider E,258.85,44,4K,1,10
5/21/2023,Illinois,Provider A,673.48,89,480p,2,8
5/21/2023,Illinois,Provider B,901.29,10,720p,1,10
5/21/2023,Illinois,Provider C,718.56,11,720p,4,0
5/21/2023,Illinois,Provider D,88.16,52,1080p,5,8
5/21/2023,Illinois,Provider E,915.57,46,4K,3,2
5/22/2023,Cali,Provider A,711.34,84,480p,3,10
5/22/2023,Cali,Provider B,962.94,78,1440p,3,4
5/22/2023,Cali,Provider C,523.98,55,1440p,4,4
5/22/2023,Cali,Provider D,352.86,80,1080p,3,0
5/22/2023,Cali,Provider E,787,75,1440p,1,1
5/22/2023,Texas,Provider A,71.9,49,1440p,5,6
5/22/2023,Texas,Provider B,61.78,99,480p,3,2
5/22/2023,Texas,Provider C,615.18,37,4K,3,2
5/22/2023,Texas,Provider D,84.67,20,720p,5,9
5/22/2023,Texas,Provider E,565.68,16,480p,4,3
5/22/2023,Illinois,Provider A,170.73,63,720p,3,10
5/22/2023,Illinois,Provider B,82.61,10,4K,3,2
5/22/2023,Illinois,Provider C,649.64,27,4K,1,4
5/22/2023,Illinois,Provider D,486.87,84,720p,1,0
5/22/2023,Illinois,Provider E,351.62,48,4K,3,6
5/23/2023,Cali,Provider A,341.84,21,1080p,1,3
5/23/2023,Cali,Provider B,894.19,52,4K,3,3
5/23/2023,Cali,Provider C,539.65,37,1080p,4,6
5/23/2023,Cali,Provider D,362.31,15,480p,3,0
5/23/2023,Cali,Provider E,978.42,42,1080p,5,9
5/23/2023,Texas,Provider A,251.39,95,480p,1,4
5/23/2023,Texas,Provider B,360.46,13,4K,1,10
5/23/2023,Texas,Provider C,697.64,77,4K,5,6
5/23/2023,Texas,Provider D,90.45,68,720p,5,7
5/23/2023,Texas,Provider E,430.96,76,1080p,2,5
5/23/2023,Illinois,Provider A,541.47,93,4K,4,5
5/23/2023,Illinois,Provider B,559.48,40,720p,1,6
5/23/2023,Illinois,Provider C,523.14,69,480p,5,3
5/23/2023,Illinois,Provider D,341.99,52,1440p,3,3
5/23/2023,Illinois,Provider E,271.03,23,720p,4,5
5/24/2023,Cali,Provider A,503.53,35,1440p,2,2
5/24/2023,Cali,Provider B,320.91,93,720p,5,10
5/24/2023,Cali,Provider C,441.9,15,1440p,5,4
5/24/2023,Cali,Provider D,506.06,22,480p,4,5
5/24/2023,Cali,Provider E,644.46,13,4K,3,7
5/24/2023,Texas,Provider A,789.74,42,480p,3,4
5/24/2023,Texas,Provider B,796.25,40,480p,4,0
5/24/2023,Texas,Provider C,412.3,86,1080p,3,2
5/24/2023,Texas,Provider D,226.21,18,1440p,3,3
5/24/2023,Texas,Provider E,490.29,69,480p,3,3
5/24/2023,Illinois,Provider A,687.26,77,1080p,1,4
5/24/2023,Illinois,Provider B,776.68,95,4K,2,0
5/24/2023,Illinois,Provider C,895.82,83,720p,2,0
5/24/2023,Illinois,Provider D,373.4,22,4K,3,8
5/24/2023,Illinois,Provider E,893.48,68,1080p,4,5
5/25/2023,Cali,Provider A,938.5,100,480p,2,3
5/25/2023,Cali,Provider B,220.72,90,720p,1,4
5/25/2023,Cali,Provider C,941.08,55,720p,5,0
5/25/2023,Cali,Provider D,819.31,28,4K,1,8
5/25/2023,Cali,Provider E,64.59,15,4K,4,2
5/25/2023,Texas,Provider A,649.23,45,4K,3,6
5/25/2023,Texas,Provider B,760.86,100,720p,3,2
5/25/2023,Texas,Provider C,947.42,50,480p,2,7
5/25/2023,Texas,Provider D,906.02,35,1080p,5,8
5/25/2023,Texas,Provider E,581.16,87,4K,3,2
5/25/2023,Illinois,Provider A,656.21,63,4K,4,2
5/25/2023,Illinois,Provider B,436.19,57,1080p,1,3
5/25/2023,Illinois,Provider C,526.24,45,720p,1,0
5/25/2023,Illinois,Provider D,789.67,27,1440p,2,10
5/25/2023,Illinois,Provider E,621.95,42,1440p,4,0
5/26/2023,Cali,Provider A,72.94,21,1440p,4,10
5/26/2023,Cali,Provider B,999.89,87,4K,3,0
5/26/2023,Cali,Provider C,511.46,24,4K,5,1
5/26/2023,Cali,Provider D,407.34,31,1080p,2,9
5/26/2023,Cali,Provider E,357.44,100,480p,2,1
5/26/2023,Texas,Provider A,291.71,22,480p,4,6
5/26/2023,Texas,Provider B,602.06,44,720p,3,3
5/26/2023,Texas,Provider C,706.18,38,1080p,4,2
5/26/2023,Texas,Provider D,571.08,43,720p,1,10
5/26/2023,Texas,Provider E,402.86,22,720p,3,7
5/26/2023,Illinois,Provider A,657.78,35,480p,2,9
5/26/2023,Illinois,Provider B,270.07,25,720p,4,3
5/26/2023,Illinois,Provider C,453.5,51,720p,1,3
5/26/2023,Illinois,Provider D,213.83,78,1440p,1,10
5/26/2023,Illinois,Provider E,370.13,89,4K,3,10
5/27/2023,Cali,Provider A,969.41,57,480p,2,9
5/27/2023,Cali,Provider B,231.16,98,1440p,5,4
5/27/2023,Cali,Provider C,548.62,49,720p,1,4
5/27/2023,Cali,Provider D,197.07,72,1080p,4,10
5/27/2023,Cali,Provider E,762.68,68,720p,3,6
5/27/2023,Texas,Provider A,453.31,63,1080p,5,8
5/27/2023,Texas,Provider B,496.57,13,720p,3,9
5/27/2023,Texas,Provider C,716.4,30,4K,2,6
5/27/2023,Texas,Provider D,114.43,33,720p,5,6
5/27/2023,Texas,Provider E,378.44,46,1440p,2,3
5/27/2023,Illinois,Provider A,408.02,72,1080p,3,9
5/27/2023,Illinois,Provider B,498.51,92,1440p,1,2
5/27/2023,Illinois,Provider C,347.12,16,480p,3,8
5/27/2023,Illinois,Provider D,181.71,58,1080p,2,8
5/27/2023,Illinois,Provider E,203.63,24,480p,2,7
5/28/2023,Cali,Provider A,564.27,26,720p,5,4
5/28/2023,Cali,Provider B,519.01,56,4K,3,0
5/28/2023,Cali,Provider C,53.85,98,4K,4,0
5/28/2023,Cali,Provider D,626.22,58,1440p,3,7
5/28/2023,Cali,Provider E,217.8,81,4K,4,9
5/28/2023,Texas,Provider A,552.36,84,720p,1,10
5/28/2023,Texas,Provider B,346.42,99,480p,1,0
5/28/2023,Texas,Provider C,231.88,83,1080p,1,9
5/28/2023,Texas,Provider D,709.3,63,720p,3,0
5/28/2023,Texas,Provider E,619.15,63,720p,2,4
5/28/2023,Illinois,Provider A,830.38,19,720p,5,9
5/28/2023,Illinois,Provider B,316.95,66,720p,2,10
5/28/2023,Illinois,Provider C,519.81,31,720p,3,8
5/28/2023,Illinois,Provider D,986.7,14,720p,5,9
5/28/2023,Illinois,Provider E,584.05,66,1080p,1,9
5/29/2023,Cali,Provider A,930.84,32,1080p,4,7
5/29/2023,Cali,Provider B,826.82,90,720p,1,7
5/29/2023,Cali,Provider C,357.14,68,480p,1,8
5/29/2023,Cali,Provider D,948.93,25,1080p,3,4
5/29/2023,Cali,Provider E,893.04,58,1440p,3,2
5/29/2023,Texas,Provider A,335.81,25,720p,5,9
5/29/2023,Texas,Provider B,573.8,74,1440p,2,9
5/29/2023,Texas,Provider C,915.07,31,480p,4,5
5/29/2023,Texas,Provider D,698.52,10,720p,3,5
5/29/2023,Texas,Provider E,644.94,37,1440p,2,2
5/29/2023,Illinois,Provider A,351.09,26,720p,2,4
5/29/2023,Illinois,Provider B,381.85,89,480p,4,0
5/29/2023,Illinois,Provider C,509.39,20,720p,2,3
5/29/2023,Illinois,Provider D,84.22,37,4K,1,5
5/29/2023,Illinois,Provider E,771.49,85,720p,1,9
5/30/2023,Cali,Provider A,978.15,23,1080p,1,3
5/30/2023,Cali,Provider B,663.38,64,720p,3,4
5/30/2023,Cali,Provider C,134.04,38,1440p,1,2
5/30/2023,Cali,Provider D,795.88,85,1080p,5,7
5/30/2023,Cali,Provider E,841.5,88,1080p,4,3
5/30/2023,Texas,Provider A,105.81,57,4K,3,8
5/30/2023,Texas,Provider B,835.39,52,4K,2,10
5/30/2023,Texas,Provider C,531.34,68,4K,2,7
5/30/2023,Texas,Provider D,741.66,25,1440p,3,7
5/30/2023,Texas,Provider E,723.57,42,1080p,3,9
5/30/2023,Illinois,Provider A,683.17,19,1080p,3,10
5/30/2023,Illinois,Provider B,306.85,32,4K,1,3
5/30/2023,Illinois,Provider C,278.61,55,720p,4,8
5/30/2023,Illinois,Provider D,703.49,55,480p,4,6
5/30/2023,Illinois,Provider E,400.41,56,1440p,2,2
5/31/2023,Cali,Provider A,182.93,94,1440p,4,4
5/31/2023,Cali,Provider B,733.16,90,720p,2,3
5/31/2023,Cali,Provider C,657.69,96,480p,4,10
5/31/2023,Cali,Provider D,212.6,95,4K,2,2
5/31/2023,Cali,Provider E,941.94,14,480p,2,8
5/31/2023,Texas,Provider A,733.03,48,4K,3,9
5/31/2023,Texas,Provider B,688.29,47,480p,3,8
5/31/2023,Texas,Provider C,809.62,71,1440p,1,9
5/31/2023,Texas,Provider D,741.51,73,4K,3,3
5/31/2023,Texas,Provider E,196.44,23,1440p,3,1
5/31/2023,Illinois,Provider A,81.58,98,4K,4,6
5/31/2023,Illinois,Provider B,382.18,74,4K,2,5
5/31/2023,Illinois,Provider C,310.85,65,1440p,1,0
5/31/2023,Illinois,Provider D,279.63,13,4K,5,3
5/31/2023,Illinois,Provider E,924.74,52,1080p,1,1
6/1/2023,Cali,Provider A,271.32,45,1440p,3,8
6/1/2023,Cali,Provider B,900.37,18,480p,4,6
6/1/2023,Cali,Provider C,455.32,59,720p,3,7
6/1/2023,Cali,Provider D,124.6,62,1080p,2,3
6/1/2023,Cali,Provider E,625.34,26,4K,1,3
6/1/2023,Texas,Provider A,771.66,50,480p,1,7
6/1/2023,Texas,Provider B,262.61,22,1080p,3,5
6/1/2023,Texas,Provider C,677.52,54,720p,3,2
6/1/2023,Texas,Provider D,662.4,93,1080p,2,3
6/1/2023,Texas,Provider E,641.37,11,4K,4,10
6/1/2023,Illinois,Provider A,90,86,4K,3,7
6/1/2023,Illinois,Provider B,481.9,61,1440p,5,1
6/1/2023,Illinois,Provider C,625.59,33,4K,5,3
6/1/2023,Illinois,Provider D,267.89,22,720p,2,10
6/1/2023,Illinois,Provider E,452.94,14,4K,1,8
6/2/2023,Cali,Provider A,713.07,76,1440p,5,3
6/2/2023,Cali,Provider B,363.33,85,4K,1,4
6/2/2023,Cali,Provider C,697.32,67,480p,4,7
6/2/2023,Cali,Provider D,457.12,22,480p,5,9
6/2/2023,Cali,Provider E,717.57,79,1440p,1,10
6/2/2023,Texas,Provider A,156,50,1440p,5,9
6/2/2023,Texas,Provider B,919.12,17,480p,3,6
6/2/2023,Texas,Provider C,107.57,65,1080p,3,9
6/2/2023,Texas,Provider D,555.46,85,4K,4,8
6/2/2023,Texas,Provider E,954.49,51,1440p,4,8
6/2/2023,Illinois,Provider A,345.72,83,480p,2,7
6/2/2023,Illinois,Provider B,624.55,52,720p,1,3
6/2/2023,Illinois,Provider C,79.41,84,4K,4,2
6/2/2023,Illinois,Provider D,350.53,19,1440p,5,1
6/2/2023,Illinois,Provider E,362.03,85,720p,3,6
6/3/2023,Cali,Provider A,498.92,44,720p,3,5
6/3/2023,Cali,Provider B,733.68,12,480p,3,1
6/3/2023,Cali,Provider C,69.4,35,720p,3,5
6/3/2023,Cali,Provider D,290.1,28,480p,4,9
6/3/2023,Cali,Provider E,323.63,65,480p,2,3
6/3/2023,Texas,Provider A,383.56,90,1440p,1,9
6/3/2023,Texas,Provider B,245.11,52,1440p,2,1
6/3/2023,Texas,Provider C,74.32,40,1080p,4,6
6/3/2023,Texas,Provider D,259.01,62,720p,1,4
6/3/2023,Texas,Provider E,976.45,48,1080p,1,4
6/3/2023,Illinois,Provider A,888.3,17,720p,5,1
6/3/2023,Illinois,Provider B,697.77,59,1440p,4,6
6/3/2023,Illinois,Provider C,891.81,22,480p,1,5
6/3/2023,Illinois,Provider D,822.11,71,720p,4,10
6/3/2023,Illinois,Provider E,969.33,44,480p,1,8
6/4/2023,Cali,Provider A,798.72,49,1440p,4,5
6/4/2023,Cali,Provider B,920.14,92,1440p,2,8
6/4/2023,Cali,Provider C,723.78,47,480p,3,2
6/4/2023,Cali,Provider D,782.4,22,720p,2,4
6/4/2023,Cali,Provider E,689.79,91,4K,4,3
6/4/2023,Texas,Provider A,129.87,33,1080p,3,9
6/4/2023,Texas,Provider B,639.15,20,4K,3,4
6/4/2023,Texas,Provider C,612.7,55,720p,4,3
6/4/2023,Texas,Provider D,893.09,33,480p,1,1
6/4/2023,Texas,Provider E,982.8,67,1440p,4,3
6/4/2023,Illinois,Provider A,472.41,47,1440p,4,1
6/4/2023,Illinois,Provider B,753.71,13,1440p,5,6
6/4/2023,Illinois,Provider C,161.04,40,480p,2,8
6/4/2023,Illinois,Provider D,318.44,22,1440p,5,6
6/4/2023,Illinois,Provider E,624.07,86,720p,4,10
6/5/2023,Cali,Provider A,269.65,11,1080p,5,0
6/5/2023,Cali,Provider B,206.18,26,720p,5,8
6/5/2023,Cali,Provider C,75.33,75,480p,4,7
6/5/2023,Cali,Provider D,198.74,71,4K,2,10
6/5/2023,Cali,Provider E,825.32,25,1440p,4,6
6/5/2023,Texas,Provider A,369.78,62,4K,2,0
6/5/2023,Texas,Provider B,130.81,37,4K,5,4
6/5/2023,Texas,Provider C,520.13,26,720p,5,6
6/5/2023,Texas,Provider D,788.32,57,1080p,2,7
6/5/2023,Texas,Provider E,192.86,53,1440p,3,8
6/5/2023,Illinois,Provider A,466.35,63,1440p,5,10
6/5/2023,Illinois,Provider B,848.04,95,1080p,4,0
6/5/2023,Illinois,Provider C,981.55,50,4K,1,7
6/5/2023,Illinois,Provider D,202.88,73,480p,2,2
6/5/2023,Illinois,Provider E,953.1,58,1440p,2,3
6/6/2023,Cali,Provider A,146.23,43,720p,5,10
6/6/2023,Cali,Provider B,307.47,72,720p,2,6
6/6/2023,Cali,Provider C,987.3,23,1440p,3,4
6/6/2023,Cali,Provider D,242.44,94,720p,3,2
6/6/2023,Cali,Provider E,611.38,83,1080p,3,4
6/6/2023,Texas,Provider A,137.44,27,720p,3,4
6/6/2023,Texas,Provider B,875.93,32,720p,5,7
6/6/2023,Texas,Provider C,601.95,66,1080p,3,1
6/6/2023,Texas,Provider D,946.43,92,720p,2,10
6/6/2023,Texas,Provider E,302.82,13,4K,2,4
6/6/2023,Illinois,Provider A,946.06,66,480p,3,3
6/6/2023,Illinois,Provider B,414.01,51,1440p,3,9
6/6/2023,Illinois,Provider C,805.15,47,720p,3,6
6/6/2023,Illinois,Provider D,105.68,66,1080p,3,3
6/6/2023,Illinois,Provider E,60.28,58,1440p,2,4
6/7/2023,Cali,Provider A,689.34,60,1440p,1,1
6/7/2023,Cali,Provider B,326.25,49,4K,5,10
6/7/2023,Cali,Provider C,246.53,29,1440p,3,10
6/7/2023,Cali,Provider D,477.24,30,1080p,1,3
6/7/2023,Cali,Provider E,495.88,83,480p,5,9
6/7/2023,Texas,Provider A,618.96,98,1080p,5,2
6/7/2023,Texas,Provider B,833.79,81,1080p,5,3
6/7/2023,Texas,Provider C,268.21,78,1080p,3,0
6/7/2023,Texas,Provider D,177.54,76,1080p,2,0
6/7/2023,Texas,Provider E,581.92,30,1080p,2,10
6/7/2023,Illinois,Provider A,851.55,57,1080p,4,8
6/7/2023,Illinois,Provider B,717.5,77,1440p,5,5
6/7/2023,Illinois,Provider C,577.32,25,480p,1,8
6/7/2023,Illinois,Provider D,872.71,54,1080p,5,3
6/7/2023,Illinois,Provider E,147.95,75,4K,4,6
6/8/2023,Cali,Provider A,174.06,17,480p,1,4
6/8/2023,Cali,Provider B,859.04,63,4K,5,3
6/8/2023,Cali,Provider C,271.63,23,720p,2,1
6/8/2023,Cali,Provider D,472.91,19,480p,3,1
6/8/2023,Cali,Provider E,437.34,90,4K,5,8
6/8/2023,Texas,Provider A,982.63,81,1440p,3,1
6/8/2023,Texas,Provider B,347.67,98,4K,5,8
6/8/2023,Texas,Provider C,149,10,1080p,5,0
6/8/2023,Texas,Provider D,85.01,18,1080p,4,1
6/8/2023,Texas,Provider E,142.46,94,480p,4,8
6/8/2023,Illinois,Provider A,637.12,96,1440p,4,0
6/8/2023,Illinois,Provider B,507.5,55,720p,4,7
6/8/2023,Illinois,Provider C,356.13,19,480p,4,7
6/8/2023,Illinois,Provider D,639.18,39,4K,5,6
6/8/2023,Illinois,Provider E,399.48,64,720p,3,6
6/9/2023,Cali,Provider A,327.95,39,1080p,3,1
6/9/2023,Cali,Provider B,602.75,51,720p,1,6
6/9/2023,Cali,Provider C,450.67,25,4K,4,6
6/9/2023,Cali,Provider D,712.04,65,720p,4,8
6/9/2023,Cali,Provider E,464.81,30,4K,4,10
6/9/2023,Texas,Provider A,236.44,50,480p,2,8
6/9/2023,Texas,Provider B,135.99,34,720p,5,2
6/9/2023,Texas,Provider C,328.34,34,4K,3,1
6/9/2023,Texas,Provider D,527.14,56,720p,3,2
6/9/2023,Texas,Provider E,990.17,95,1440p,3,9
6/9/2023,Illinois,Provider A,602.09,18,480p,4,5
6/9/2023,Illinois,Provider B,108.74,13,1440p,3,9
6/9/2023,Illinois,Provider C,427.82,67,1080p,3,5
6/9/2023,Illinois,Provider D,373.48,35,1080p,3,5
6/9/2023,Illinois,Provider E,288.3,34,1440p,3,9
6/10/2023,Cali,Provider A,729.54,42,480p,5,9
6/10/2023,Cali,Provider B,903.32,98,1440p,1,2
6/10/2023,Cali,Provider C,527.24,33,1440p,1,8
6/10/2023,Cali,Provider D,534.72,100,720p,5,8
6/10/2023,Cali,Provider E,137.14,88,720p,4,6
6/10/2023,Texas,Provider A,165.77,16,720p,4,2
6/10/2023,Texas,Provider B,176.1,28,1440p,5,7
6/10/2023,Texas,Provider C,258.71,11,1080p,3,3
6/10/2023,Texas,Provider D,520.46,26,720p,4,1
6/10/2023,Texas,Provider E,587.66,40,720p,4,10
6/10/2023,Illinois,Provider A,584.01,99,1440p,5,1
6/10/2023,Illinois,Provider B,586.26,35,480p,2,9
6/10/2023,Illinois,Provider C,851.86,26,1080p,5,9
6/10/2023,Illinois,Provider D,583.35,45,480p,2,8
6/10/2023,Illinois,Provider E,99.17,83,1080p,2,2
6/11/2023,Cali,Provider A,983.28,39,1440p,4,6
6/11/2023,Cali,Provider B,628.15,43,480p,3,8
6/11/2023,Cali,Provider C,279.62,97,480p,5,0
6/11/2023,Cali,Provider D,552.26,49,1440p,1,7
6/11/2023,Cali,Provider E,347.51,61,4K,4,7
6/11/2023,Texas,Provider A,865.15,82,480p,5,3
6/11/2023,Texas,Provider B,379.26,46,480p,4,10
6/11/2023,Texas,Provider C,764.25,72,1080p,4,8
6/11/2023,Texas,Provider D,354.3,50,1440p,1,8
6/11/2023,Texas,Provider E,241.43,29,4K,5,8
6/11/2023,Illinois,Provider A,830.55,16,1080p,2,10
6/11/2023,Illinois,Provider B,409.3,14,720p,5,10
6/11/2023,Illinois,Provider C,94.36,78,1080p,2,0
6/11/2023,Illinois,Provider D,991.76,68,720p,3,4
6/11/2023,Illinois,Provider E,385.98,76,4K,1,3
6/12/2023,Cali,Provider A,284.45,43,1440p,2,2
6/12/2023,Cali,Provider B,327.39,75,1080p,4,10
6/12/2023,Cali,Provider C,195.19,48,1080p,2,1
6/12/2023,Cali,Provider D,737.56,69,720p,2,7
6/12/2023,Cali,Provider E,607.11,94,1080p,2,6
6/12/2023,Texas,Provider A,380.23,50,480p,3,7
6/12/2023,Texas,Provider B,897.41,77,1080p,4,5
6/12/2023,Texas,Provider C,211.81,77,4K,1,0
6/12/2023,Texas,Provider D,907.03,75,720p,2,10
6/12/2023,Texas,Provider E,659.4,58,480p,4,0
6/12/2023,Illinois,Provider A,556.13,12,480p,4,9
6/12/2023,Illinois,Provider B,691.82,48,480p,3,0
6/12/2023,Illinois,Provider C,304.51,50,1080p,2,0
6/12/2023,Illinois,Provider D,55.96,93,1080p,1,2
6/12/2023,Illinois,Provider E,914.6,64,480p,4,7
6/13/2023,Cali,Provider A,185.11,52,480p,3,3
6/13/2023,Cali,Provider B,128.87,21,4K,1,6
6/13/2023,Cali,Provider C,121.62,28,1080p,1,5
6/13/2023,Cali,Provider D,775.51,35,1440p,2,1
6/13/2023,Cali,Provider E,301.89,39,1080p,4,5
6/13/2023,Texas,Provider A,349.03,59,480p,2,2
6/13/2023,Texas,Provider B,703.28,15,1440p,4,9
6/13/2023,Texas,Provider C,524.23,83,4K,2,0
6/13/2023,Texas,Provider D,359.84,37,480p,5,10
6/13/2023,Texas,Provider E,378.06,71,720p,3,7
6/13/2023,Illinois,Provider A,501.87,65,4K,3,0
6/13/2023,Illinois,Provider B,299.3,40,480p,2,8
6/13/2023,Illinois,Provider C,337.08,15,4K,3,2
6/13/2023,Illinois,Provider D,509.35,87,1080p,4,3
6/13/2023,Illinois,Provider E,149.05,100,1080p,3,1
6/14/2023,Cali,Provider A,410.66,57,4K,1,6
6/14/2023,Cali,Provider B,876.41,73,480p,1,5
6/14/2023,Cali,Provider C,560.5,94,1080p,2,7
6/14/2023,Cali,Provider D,216.97,88,720p,5,4
6/14/2023,Cali,Provider E,933.55,79,720p,5,1
6/14/2023,Texas,Provider A,372.19,57,1080p,1,7
6/14/2023,Texas,Provider B,169.67,66,1080p,3,3
6/14/2023,Texas,Provider C,112.79,92,4K,1,10
6/14/2023,Texas,Provider D,968.36,46,1440p,5,7
6/14/2023,Texas,Provider E,687.71,55,4K,4,1
6/14/2023,Illinois,Provider A,704.42,22,1440p,2,3
6/14/2023,Illinois,Provider B,287.36,81,1440p,3,10
6/14/2023,Illinois,Provider C,817.7,68,480p,1,2
6/14/2023,Illinois,Provider D,470.01,14,1440p,4,8
6/14/2023,Illinois,Provider E,598.73,14,480p,4,0
6/15/2023,Cali,Provider A,381.52,42,1440p,2,2
6/15/2023,Cali,Provider B,321.11,45,720p,3,10
6/15/2023,Cali,Provider C,623.24,75,4K,4,9
6/15/2023,Cali,Provider D,304.61,98,720p,1,8
6/15/2023,Cali,Provider E,165.53,81,720p,5,9
6/15/2023,Texas,Provider A,188.02,81,1080p,4,10
6/15/2023,Texas,Provider B,594.6,44,1440p,4,1
6/15/2023,Texas,Provider C,691.45,36,4K,5,6
6/15/2023,Texas,Provider D,631.38,70,480p,2,3
6/15/2023,Texas,Provider E,336.77,84,1080p,3,8
6/15/2023,Illinois,Provider A,899.92,10,720p,5,8
6/15/2023,Illinois,Provider B,939.28,90,480p,2,8
6/15/2023,Illinois,Provider C,951.21,53,480p,5,10
6/15/2023,Illinois,Provider D,162.5,47,720p,4,6
6/15/2023,Illinois,Provider E,471.59,66,720p,1,0
6/16/2023,Cali,Provider A,457.39,96,1080p,5,8
6/16/2023,Cali,Provider B,837.33,74,1440p,2,8
6/16/2023,Cali,Provider C,952.14,72,1440p,1,2
6/16/2023,Cali,Provider D,907.19,95,720p,1,7
6/16/2023,Cali,Provider E,91.68,25,480p,5,7
6/16/2023,Texas,Provider A,909.21,88,4K,2,1
6/16/2023,Texas,Provider B,511.9,14,720p,3,9
6/16/2023,Texas,Provider C,785.01,32,1080p,3,4
6/16/2023,Texas,Provider D,666.17,75,4K,1,1
6/16/2023,Texas,Provider E,665.16,84,1440p,5,8
6/16/2023,Illinois,Provider A,571.34,24,4K,1,4
6/16/2023,Illinois,Provider B,346.76,19,480p,4,7
6/16/2023,Illinois,Provider C,988.3,76,720p,5,9
6/16/2023,Illinois,Provider D,961.71,60,1440p,4,10
6/16/2023,Illinois,Provider E,711.02,95,1440p,5,1
6/17/2023,Cali,Provider A,315.42,22,1440p,3,5
6/17/2023,Cali,Provider B,880.26,59,1080p,4,5
6/17/2023,Cali,Provider C,734.95,58,720p,4,4
6/17/2023,Cali,Provider D,255.99,16,720p,1,7
6/17/2023,Cali,Provider E,561.41,58,1080p,2,5
6/17/2023,Texas,Provider A,841.7,47,1080p,1,7
6/17/2023,Texas,Provider B,461.87,77,720p,3,10
6/17/2023,Texas,Provider C,641.4,21,1440p,3,3
6/17/2023,Texas,Provider D,883.63,98,4K,1,10
6/17/2023,Texas,Provider E,471.68,48,480p,1,7
6/17/2023,Illinois,Provider A,511.63,38,1440p,4,3
6/17/2023,Illinois,Provider B,211.1,35,1440p,5,0
6/17/2023,Illinois,Provider C,600.46,86,480p,1,2
6/17/2023,Illinois,Provider D,73.63,43,720p,4,9
6/17/2023,Illinois,Provider E,511.07,37,720p,5,7
6/18/2023,Cali,Provider A,302.59,32,720p,2,5
6/18/2023,Cali,Provider B,481.29,18,4K,1,4
6/18/2023,Cali,Provider C,237,40,720p,2,8
6/18/2023,Cali,Provider D,187.24,88,480p,1,5
6/18/2023,Cali,Provider E,718.92,78,1440p,4,0
6/18/2023,Texas,Provider A,86.66,44,1080p,4,4
6/18/2023,Texas,Provider B,268.08,58,4K,1,7
6/18/2023,Texas,Provider C,876.11,13,4K,1,3
6/18/2023,Texas,Provider D,660.94,70,1080p,5,8
6/18/2023,Texas,Provider E,542.72,47,720p,1,10
6/18/2023,Illinois,Provider A,520.12,89,1080p,3,7
6/18/2023,Illinois,Provider B,978.25,98,720p,1,0
6/18/2023,Illinois,Provider C,861.1,18,480p,1,6
6/18/2023,Illinois,Provider D,91.52,40,720p,2,10
6/18/2023,Illinois,Provider E,497.91,22,4K,2,5
6/19/2023,Cali,Provider A,409.01,55,1080p,1,1
6/19/2023,Cali,Provider B,360.17,17,4K,3,3
6/19/2023,Cali,Provider C,271.18,61,720p,3,3
6/19/2023,Cali,Provider D,61.52,94,720p,1,3
6/19/2023,Cali,Provider E,477.85,91,4K,4,5
6/19/2023,Texas,Provider A,321.73,77,480p,3,6
6/19/2023,Texas,Provider B,486.96,27,1440p,2,1
6/19/2023,Texas,Provider C,855.16,29,480p,3,7
6/19/2023,Texas,Provider D,952.27,62,480p,4,10
6/19/2023,Texas,Provider E,281.47,94,480p,1,5
6/19/2023,Illinois,Provider A,617.61,32,1080p,1,10
6/19/2023,Illinois,Provider B,746.78,19,720p,5,9
6/19/2023,Illinois,Provider C,730.79,25,480p,5,1
6/19/2023,Illinois,Provider D,781.33,31,480p,4,8
6/19/2023,Illinois,Provider E,307.27,68,4K,4,3
6/20/2023,Cali,Provider A,437.09,70,4K,3,4
6/20/2023,Cali,Provider B,980.66,67,720p,3,6
6/20/2023,Cali,Provider C,707.29,73,1440p,2,2
6/20/2023,Cali,Provider D,943.89,80,480p,5,4
6/20/2023,Cali,Provider E,492.24,35,4K,2,6
6/20/2023,Texas,Provider A,178.73,18,4K,1,8
6/20/2023,Texas,Provider B,510.24,67,720p,2,0
6/20/2023,Texas,Provider C,150.61,16,1080p,1,1
6/20/2023,Texas,Provider D,296.93,44,4K,5,6
6/20/2023,Texas,Provider E,777.65,23,1080p,3,0
6/20/2023,Illinois,Provider A,509.33,55,1440p,1,3
6/20/2023,Illinois,Provider B,957.36,27,1440p,1,3
6/20/2023,Illinois,Provider C,622.08,13,480p,4,10
6/20/2023,Illinois,Provider D,108.18,58,1440p,4,7
6/20/2023,Illinois,Provider E,450.21,39,720p,3,5
6/21/2023,Cali,Provider A,524,85,480p,1,0
6/21/2023,Cali,Provider B,57.13,39,1440p,3,5
6/21/2023,Cali,Provider C,649.27,37,1080p,2,9
6/21/2023,Cali,Provider D,813.66,15,4K,3,9
6/21/2023,Cali,Provider E,655.93,35,4K,4,10
6/21/2023,Texas,Provider A,499.61,21,720p,5,10
6/21/2023,Texas,Provider B,859.18,98,720p,3,6
6/21/2023,Texas,Provider C,127.66,70,720p,4,5
6/21/2023,Texas,Provider D,388.19,45,1080p,2,9
6/21/2023,Texas,Provider E,768.64,53,480p,4,0
6/21/2023,Illinois,Provider A,876.37,84,1440p,2,4
6/21/2023,Illinois,Provider B,805.84,47,1440p,3,6
6/21/2023,Illinois,Provider C,369,80,720p,4,2
6/21/2023,Illinois,Provider D,646.23,32,4K,5,0
6/21/2023,Illinois,Provider E,233.87,10,4K,2,10
6/22/2023,Cali,Provider A,669.36,26,720p,2,9
6/22/2023,Cali,Provider B,191.68,92,1080p,4,4
6/22/2023,Cali,Provider C,229.17,59,4K,2,6
6/22/2023,Cali,Provider D,419.81,21,1440p,5,5
6/22/2023,Cali,Provider E,593.52,92,720p,1,6
6/22/2023,Texas,Provider A,359.84,18,1080p,3,2
6/22/2023,Texas,Provider B,971.78,55,1080p,1,3
6/22/2023,Texas,Provider C,677.03,28,1440p,5,7
6/22/2023,Texas,Provider D,820.03,31,4K,3,7
6/22/2023,Texas,Provider E,238.73,12,4K,4,5
6/22/2023,Illinois,Provider A,720.86,61,1080p,1,0
6/22/2023,Illinois,Provider B,318.16,39,720p,3,1
6/22/2023,Illinois,Provider C,339.74,36,1440p,2,4
6/22/2023,Illinois,Provider D,297.15,71,720p,2,6
6/22/2023,Illinois,Provider E,644.02,11,1080p,3,2
6/23/2023,Cali,Provider A,526.27,58,4K,3,3
6/23/2023,Cali,Provider B,670.68,84,1080p,3,3
6/23/2023,Cali,Provider C,854.88,89,1440p,5,3
6/23/2023,Cali,Provider D,456.16,62,480p,2,9
6/23/2023,Cali,Provider E,243.83,97,1080p,3,6
6/23/2023,Texas,Provider A,816.74,26,720p,2,9
6/23/2023,Texas,Provider B,743.48,87,720p,2,3
6/23/2023,Texas,Provider C,555.12,43,4K,4,5
6/23/2023,Texas,Provider D,628.14,21,1440p,2,7
6/23/2023,Texas,Provider E,793.54,27,720p,3,2
6/23/2023,Illinois,Provider A,569.56,43,480p,1,6
6/23/2023,Illinois,Provider B,600.01,22,4K,4,0
6/23/2023,Illinois,Provider C,548.03,80,4K,3,3
6/23/2023,Illinois,Provider D,130.71,15,1080p,2,5
6/23/2023,Illinois,Provider E,90.74,69,1080p,4,5
6/24/2023,Cali,Provider A,558.4,41,1440p,2,2
6/24/2023,Cali,Provider B,865.17,43,1440p,4,2
6/24/2023,Cali,Provider C,729.26,55,480p,4,2
6/24/2023,Cali,Provider D,570.38,98,1440p,5,1
6/24/2023,Cali,Provider E,338.87,54,1440p,2,6
6/24/2023,Texas,Provider A,74.75,12,720p,4,2
6/24/2023,Texas,Provider B,895.99,48,1440p,5,8
6/24/2023,Texas,Provider C,877.82,100,1080p,1,1
6/24/2023,Texas,Provider D,647.65,62,1440p,1,3
6/24/2023,Texas,Provider E,361.56,99,1080p,2,5
6/24/2023,Illinois,Provider A,297.82,91,1080p,1,4
6/24/2023,Illinois,Provider B,993.97,38,1080p,1,4
6/24/2023,Illinois,Provider C,189.63,27,480p,4,8
6/24/2023,Illinois,Provider D,316.95,47,4K,4,5
6/24/2023,Illinois,Provider E,100.73,42,480p,5,9
6/25/2023,Cali,Provider A,341.18,17,1080p,5,9
6/25/2023,Cali,Provider B,739.33,25,1080p,3,5
6/25/2023,Cali,Provider C,486.87,30,4K,4,10
6/25/2023,Cali,Provider D,515.06,68,1440p,5,8
6/25/2023,Cali,Provider E,939.3,33,1440p,3,7
6/25/2023,Texas,Provider A,889.44,18,4K,3,5
6/25/2023,Texas,Provider B,145.86,42,480p,2,8
6/25/2023,Texas,Provider C,679.38,40,720p,4,3
6/25/2023,Texas,Provider D,910.92,92,720p,3,9
6/25/2023,Texas,Provider E,235.11,99,4K,1,4
6/25/2023,Illinois,Provider A,676.54,54,1440p,3,5
6/25/2023,Illinois,Provider B,848,10,480p,5,5
6/25/2023,Illinois,Provider C,303.09,88,1080p,3,3
6/25/2023,Illinois,Provider D,803.37,65,1440p,4,4
6/25/2023,Illinois,Provider E,521.72,51,480p,5,5
6/26/2023,Cali,Provider A,806.65,56,1440p,1,3
6/26/2023,Cali,Provider B,460.76,58,4K,4,10
6/26/2023,Cali,Provider C,923.67,72,720p,3,2
6/26/2023,Cali,Provider D,917.01,35,480p,4,2
6/26/2023,Cali,Provider E,175.84,27,1080p,2,3
6/26/2023,Texas,Provider A,787.39,77,480p,3,2
6/26/2023,Texas,Provider B,830.42,95,1440p,1,0
6/26/2023,Texas,Provider C,324.1,16,4K,2,5
6/26/2023,Texas,Provider D,62.72,94,1080p,1,6
6/26/2023,Texas,Provider E,925.68,25,1440p,5,9
6/26/2023,Illinois,Provider A,906.5,90,480p,4,9
6/26/2023,Illinois,Provider B,593.73,63,480p,5,0
6/26/2023,Illinois,Provider C,531.98,63,480p,4,5
6/26/2023,Illinois,Provider D,600.5,71,720p,1,9
6/26/2023,Illinois,Provider E,860.31,41,1440p,1,6
6/27/2023,Cali,Provider A,81.08,46,4K,1,0
6/27/2023,Cali,Provider B,856.39,27,480p,1,10
6/27/2023,Cali,Provider C,790.41,28,4K,1,1
6/27/2023,Cali,Provider D,366.56,97,480p,3,8
6/27/2023,Cali,Provider E,950.29,59,720p,2,10
6/27/2023,Texas,Provider A,80.28,25,720p,5,1
6/27/2023,Texas,Provider B,904.38,47,1080p,1,10
6/27/2023,Texas,Provider C,209.33,86,720p,3,6
6/27/2023,Texas,Provider D,541.45,68,720p,4,10
6/27/2023,Texas,Provider E,720.08,17,4K,3,9
6/27/2023,Illinois,Provider A,354.37,67,720p,4,9
6/27/2023,Illinois,Provider B,592.78,66,1440p,1,7
6/27/2023,Illinois,Provider C,125.44,54,1440p,4,3
6/27/2023,Illinois,Provider D,952.66,32,480p,2,10
6/27/2023,Illinois,Provider E,239.72,77,1440p,2,3
6/28/2023,Cali,Provider A,214.87,90,720p,2,6
6/28/2023,Cali,Provider B,90.5,17,1080p,2,0
6/28/2023,Cali,Provider C,603.31,70,1440p,5,0
6/28/2023,Cali,Provider D,227.79,75,4K,3,2
6/28/2023,Cali,Provider E,960.2,14,720p,3,7
6/28/2023,Texas,Provider A,297.85,35,720p,5,4
6/28/2023,Texas,Provider B,885.23,62,720p,5,3
6/28/2023,Texas,Provider C,735.52,26,720p,3,6
6/28/2023,Texas,Provider D,919.82,99,480p,5,4
6/28/2023,Texas,Provider E,521.68,98,480p,5,9
6/28/2023,Illinois,Provider A,551.76,97,480p,3,6
6/28/2023,Illinois,Provider B,874.69,21,480p,5,4
6/28/2023,Illinois,Provider C,169.48,96,1080p,5,5
6/28/2023,Illinois,Provider D,547.07,44,480p,2,10
6/28/2023,Illinois,Provider E,155.2,88,720p,3,7
6/29/2023,Cali,Provider A,587.14,68,1440p,2,6
6/29/2023,Cali,Provider B,76.98,36,480p,1,0
6/29/2023,Cali,Provider C,94.4,75,480p,4,5
6/29/2023,Cali,Provider D,64.75,47,720p,4,10
6/29/2023,Cali,Provider E,385.95,43,480p,3,6
6/29/2023,Texas,Provider A,368.68,95,720p,2,6
6/29/2023,Texas,Provider B,689.68,19,4K,4,3
6/29/2023,Texas,Provider C,663.2,52,1080p,2,4
6/29/2023,Texas,Provider D,97.68,59,480p,4,5
6/29/2023,Texas,Provider E,946.09,79,720p,5,6
6/29/2023,Illinois,Provider A,392.68,39,720p,2,0
6/29/2023,Illinois,Provider B,580.15,84,1080p,1,4
6/29/2023,Illinois,Provider C,74.94,23,720p,3,6
6/29/2023,Illinois,Provider D,887.74,50,1440p,2,6
6/29/2023,Illinois,Provider E,306.04,65,720p,2,4
6/30/2023,Cali,Provider A,486.47,36,4K,3,4
6/30/2023,Cali,Provider B,708.5,36,720p,3,5
6/30/2023,Cali,Provider C,678.34,11,480p,4,7
6/30/2023,Cali,Provider D,947.93,53,1080p,4,7
6/30/2023,Cali,Provider E,604.45,10,720p,4,5
6/30/2023,Texas,Provider A,85.16,73,720p,3,7
6/30/2023,Texas,Provider B,138.16,88,720p,5,1
6/30/2023,Texas,Provider C,610.29,23,480p,5,10
6/30/2023,Texas,Provider D,924.48,42,1080p,1,4
6/30/2023,Texas,Provider E,515.2,60,720p,2,7
6/30/2023,Illinois,Provider A,61.76,36,4K,5,2
6/30/2023,Illinois,Provider B,788.29,36,4K,4,3
6/30/2023,Illinois,Provider C,939.09,94,720p,1,7
6/30/2023,Illinois,Provider D,155.67,93,1080p,1,4
6/30/2023,Illinois,Provider E,936.26,61,1080p,1,10
